id,username,passwordHash,token
2c1d1722-cc7d-4d16-bede-c6db468c6054,admin,$2a$10$wtO7YnD1jW9tz0.x47NSSOD6t3M7VrMyiJZCDpZFlNJCcJ4F5suEq,
ed462eb9-88ed-42c2-ab0d-ddd545deaf03,user-10001,$2a$10$eEH/mDMpPTAJc0I20TwpeeOum2HWGDx2SAZYaBMZbE41KNU5LCVN6,
402325f7-f392-48ff-8805-494f7ff1e3ae,user-10002,$2a$10$eEH/mDMpPTAJc0I20TwpeeOum2HWGDx2SAZYaBMZbE41KNU5LCVN6,
803fe0bf-1895-4837-b6e3-53fa3c2562e0,user-10003,$2a$10$eEH/mDMpPTAJc0I20TwpeeOum2HWGDx2SAZYaBMZbE41KNU5LCVN6,
4b703e34-47d8-479c-a71e-52e78d5f414d,user-10004,$2a$10$eEH/mDMpPTAJc0I20TwpeeOum2HWGDx2SAZYaBMZbE41KNU5LCVN6,
1bab0ce1-8429-455e-bf39-8b201fdd9560,user-10005,$2a$10$eEH/mDMpPTAJc0I20TwpeeOum2HWGDx2SAZYaBMZbE41KNU5LCVN6,
af031bc3-6a3e-4f18-9181-998412b35aa6,user-10006,$2a$10$eEH/mDMpPTAJc0I20TwpeeOum2HWGDx2SAZYaBMZbE41KNU5LCVN6,
032cdb86-1dae-494e-b0ef-503810253e68,user-10007,$2a$10$eEH/mDMpPTAJc0I20TwpeeOum2HWGDx2SAZYaBMZbE41KNU5LCVN6,
ddfe4a7f-35e3-4428-9017-cef2283e7f2f,user-10008,$2a$10$eEH/mDMpPTAJc0I20TwpeeOum2HWGDx2SAZYaBMZbE41KNU5LCVN6,
9032b658-4dd8-4978-a437-38b0a76be519,user-10009,$2a$10$eEH/mDMpPTAJc0I20TwpeeOum2HWGDx2SAZYaBMZbE41KNU5LCVN6,
fd1246b3-02d4-4efd-a93a-c9d491d95ab5,user-10010,$2a$10$eEH/mDMpPTAJc0I20TwpeeOum2HWGDx2SAZYaBMZbE41KNU5LCVN6,
40092bbd-7375-44ea-9cf5-9776e9020141,user-10011,$2a$10$eEH/mDMpPTAJc0I20TwpeeOum2HWGDx2SAZYaBMZbE41KNU5LCVN6,
9e516ea4-fbaf-4d6f-ba35-0fb7498a405e,user-10012,$2a$10$eEH/mDMpPTAJc0I20TwpeeOum2HWGDx2SAZYaBMZbE41KNU5LCVN6,
ea0ca309-de01-4f89-990a-7aa3bdce214b,user-10013,$2a$10$eEH/mDMpPTAJc0I20TwpeeOum2HWGDx2SAZYaBMZbE41KNU5LCVN6,
94f6b300-eabb-49b2-804f-4ea06c0261d9,user-10014,$2a$10$eEH/mDMpPTAJc0I20TwpeeOum2HWGDx2SAZYaBMZbE41KNU5LCVN6,
23028bb9-e700-4b70-8fe5-8eec8cf9defe,user-10015,$2a$10$eEH/mDMpPTAJc0I20TwpeeOum2HWGDx2SAZYaBMZbE41KNU5LCVN6,
323001f7-591a-4988-8c55-58078b5d0e57,user-10016,$2a$10$eEH/mDMpPTAJc0I20TwpeeOum2HWGDx2SAZYaBMZbE41KNU5LCVN6,
3fab2bc5-5323-454a-a474-5560739847f1,user-10017,$2a$10$eEH/mDMpPTAJc0I20TwpeeOum2HWGDx2SAZYaBMZbE41KNU5LCVN6,
cd9386d9-282e-458d-90ef-2588c10aa2b9,user-10018,$2a$10$eEH/mDMpPTAJc0I20TwpeeOum2HWGDx2SAZYaBMZbE41KNU5LCVN6,
2c63f3a4-b572-4fb5-af29-4efefca0cb97,user-10019,$2a$10$eEH/mDMpPTAJc0I20TwpeeOum2HWGDx2SAZYaBMZbE41KNU5LCVN6,
1c6a75da-aec6-41db-a2a6-493b19a58717,user-10020,$2a$10$eEH/mDMpPTAJc0I20TwpeeOum2HWGDx2SAZYaBMZbE41KNU5LCVN6,
be4b4bd8-9d77-49b1-9570-a04db9325abf,user-10021,$2a$10$eEH/mDMpPTAJc0I20TwpeeOum2HWGDx2SAZYaBMZbE41KNU5LCVN6,
8f1250a6-637b-4d61-877e-4eb7a08a6c44,user-10022,$2a$10$eEH/mDMpPTAJc0I20TwpeeOum2HWGDx2SAZYaBMZbE41KNU5LCVN6,
10c2739e-665c-4e56-8ece-bfcbcf044c48,user-10023,$2a$10$eEH/mDMpPTAJc0I20TwpeeOum2HWGDx2SAZYaBMZbE41KNU5LCVN6,
f65a92e5-4240-4db6-a0c5-f2ec176bbc81,user-10024,$2a$10$eEH/mDMpPTAJc0I20TwpeeOum2HWGDx2SAZYaBMZbE41KNU5LCVN6,
f1a24eb4-3937-4f57-b44e-3118d7694b94,user-10025,$2a$10$eEH/mDMpPTAJc0I20TwpeeOum2HWGDx2SAZYaBMZbE41KNU5LCVN6,
8462a780-f617-44b6-bff8-ebf8d4440b3a,user-10026,$2a$10$eEH/mDMpPTAJc0I20TwpeeOum2HWGDx2SAZYaBMZbE41KNU5LCVN6,
6944dcea-d0b4-4c7a-9804-4b4533ffcc9b,user-10027,$2a$10$eEH/mDMpPTAJc0I20TwpeeOum2HWGDx2SAZYaBMZbE41KNU5LCVN6,
cd13857f-c861-4b9b-adf2-ba69bdf73409,user-10028,$2a$10$eEH/mDMpPTAJc0I20TwpeeOum2HWGDx2SAZYaBMZbE41KNU5LCVN6,
c9be8086-19fa-4fcd-ad4b-083e6fed883b,user-10029,$2a$10$eEH/mDMpPTAJc0I20TwpeeOum2HWGDx2SAZYaBMZbE41KNU5LCVN6,
27bf7df4-465b-4205-8f25-54fb75bfda6d,user-10030,$2a$10$eEH/mDMpPTAJc0I20TwpeeOum2HWGDx2SAZYaBMZbE41KNU5LCVN6,
68248909-f5f7-4f17-9a99-4678a524efc8,user-10031,$2a$10$eEH/mDMpPTAJc0I20TwpeeOum2HWGDx2SAZYaBMZbE41KNU5LCVN6,
a462dc6a-f564-4dbe-81eb-08cd07405b4e,user-10032,$2a$10$eEH/mDMpPTAJc0I20TwpeeOum2HWGDx2SAZYaBMZbE41KNU5LCVN6,
8c785b39-666a-4e2b-8cd3-84f079b3682a,user-10033,$2a$10$eEH/mDMpPTAJc0I20TwpeeOum2HWGDx2SAZYaBMZbE41KNU5LCVN6,
2e406c24-c6a5-4f6d-9d3c-44c21c8c5cbf,user-10034,$2a$10$eEH/mDMpPTAJc0I20TwpeeOum2HWGDx2SAZYaBMZbE41KNU5LCVN6,
9fb9d63c-e1de-475b-9267-49cc75c002b8,user-10035,$2a$10$666xOfktRIjgaAVW2OFYQuMyEHQDIB6pLFDFlNmtmFHrJoG1cYX5i,e79d97e3-6e80-4eda-b539-7cebde6475b7
